grid_size,num_robots,seed,time_taken,total_steps,coverage_pct,completeness,collisions,frozen_robots,overlap_area,robots_completed,avg_cells_per_robot,avg_path_per_robot,total_coverage,area_R1,area_R2,area_R3,area_R4,area_R5,area_R6,area_R7,area_R8,area_R9,area_R10,area_R11,area_R12,area_R13,area_R14,area_R15,area_R16,area_R17,area_R18,area_R19,area_R20,area_R21,area_R22,area_R23,area_R24,area_R25,area_R26,area_R27,area_R28,area_R29,area_R30,area_R31,area_R32,area_R33,area_R34,area_R35,area_R36,area_R37,area_R38,area_R39,area_R40
16,5,1,134,134,97.06,N,2,1,6,2,48.8,48.8,231,4,43,47,82,68,0,0,0,0,0,0,0,0,0,0,0,0,0,0,0,0,0,0,0,0,0,0,0,0,0,0,0,0,0,0,0,0,0,0,0
16,5,2,143,143,96.22,N,1,1,4,3,48.4,48.4,229,16,69,72,15,70,0,0,0,0,0,0,0,0,0,0,0,0,0,0,0,0,0,0,0,0,0,0,0,0,0,0,0,0,0,0,0,0,0,0,0
16,5,3,209,209,88.24,N,3,1,9,1,44.6,44.6,210,10,55,6,47,105,0,0,0,0,0,0,0,0,0,0,0,0,0,0,0,0,0,0,0,0,0,0,0,0,0,0,0,0,0,0,0,0,0,0,0
16,5,4,152,152,97.06,N,1,0,1,4,47.8,47.8,231,76,28,53,53,29,0,0,0,0,0,0,0,0,0,0,0,0,0,0,0,0,0,0,0,0,0,0,0,0,0,0,0,0,0,0,0,0,0,0,0
16,5,5,148,148,100.0,Y,0,1,1,4,47.8,47.8,238,11,22,77,98,31,0,0,0,0,0,0,0,0,0,0,0,0,0,0,0,0,0,0,0,0,0,0,0,0,0,0,0,0,0,0,0,0,0,0,0
16,5,6,205,205,76.47,N,3,1,11,1,39.0,39.0,182,20,34,7,31,103,0,0,0,0,0,0,0,0,0,0,0,0,0,0,0,0,0,0,0,0,0,0,0,0,0,0,0,0,0,0,0,0,0,0,0
16,5,7,197,197,96.64,N,2,2,10,1,49.6,49.6,230,72,13,11,53,99,0,0,0,0,0,0,0,0,0,0,0,0,0,0,0,0,0,0,0,0,0,0,0,0,0,0,0,0,0,0,0,0,0,0,0
16,5,8,166,166,97.9,N,2,1,3,2,47.8,47.8,233,47,26,45,37,84,0,0,0,0,0,0,0,0,0,0,0,0,0,0,0,0,0,0,0,0,0,0,0,0,0,0,0,0,0,0,0,0,0,0,0
16,5,9,253,253,97.48,N,2,1,6,2,48.8,48.8,232,27,32,47,11,127,0,0,0,0,0,0,0,0,0,0,0,0,0,0,0,0,0,0,0,0,0,0,0,0,0,0,0,0,0,0,0,0,0,0,0
16,5,10,112,112,97.9,N,0,1,3,4,48.2,48.2,233,57,41,58,29,56,0,0,0,0,0,0,0,0,0,0,0,0,0,0,0,0,0,0,0,0,0,0,0,0,0,0,0,0,0,0,0,0,0,0,0
16,5,11,288,288,97.9,N,4,0,14,1,50.2,50.2,233,10,11,22,63,145,0,0,0,0,0,0,0,0,0,0,0,0,0,0,0,0,0,0,0,0,0,0,0,0,0,0,0,0,0,0,0,0,0,0,0
16,5,12,309,309,97.9,N,2,2,7,1,48.8,48.8,233,8,33,37,11,155,0,0,0,0,0,0,0,0,0,0,0,0,0,0,0,0,0,0,0,0,0,0,0,0,0,0,0,0,0,0,0,0,0,0,0
16,5,13,213,213,100.0,Y,1,2,5,2,48.6,48.6,238,46,15,45,26,111,0,0,0,0,0,0,0,0,0,0,0,0,0,0,0,0,0,0,0,0,0,0,0,0,0,0,0,0,0,0,0,0,0,0,0
16,5,14,266,266,97.06,N,0,2,11,3,49.8,49.8,231,30,17,133,11,58,0,0,0,0,0,0,0,0,0,0,0,0,0,0,0,0,0,0,0,0,0,0,0,0,0,0,0,0,0,0,0,0,0,0,0
16,5,15,251,251,97.9,N,0,1,3,4,48.2,48.2,233,25,40,17,33,126,0,0,0,0,0,0,0,0,0,0,0,0,0,0,0,0,0,0,0,0,0,0,0,0,0,0,0,0,0,0,0,0,0,0,0
16,5,16,245,245,99.58,N,1,1,5,3,48.6,48.6,237,22,21,53,25,122,0,0,0,0,0,0,0,0,0,0,0,0,0,0,0,0,0,0,0,0,0,0,0,0,0,0,0,0,0,0,0,0,0,0,0
16,5,17,289,289,98.74,N,1,2,10,2,49.6,49.6,235,42,10,12,40,144,0,0,0,0,0,0,0,0,0,0,0,0,0,0,0,0,0,0,0,0,0,0,0,0,0,0,0,0,0,0,0,0,0,0,0
16,5,18,315,315,95.38,N,0,4,13,1,49.4,49.4,227,46,11,21,11,158,0,0,0,0,0,0,0,0,0,0,0,0,0,0,0,0,0,0,0,0,0,0,0,0,0,0,0,0,0,0,0,0,0,0,0
16,5,19,167,167,98.32,N,2,0,2,3,48.0,48.0,234,68,40,12,84,36,0,0,0,0,0,0,0,0,0,0,0,0,0,0,0,0,0,0,0,0,0,0,0,0,0,0,0,0,0,0,0,0,0,0,0
16,5,20,199,199,95.8,N,1,1,3,3,48.0,48.0,228,44,34,21,41,100,0,0,0,0,0,0,0,0,0,0,0,0,0,0,0,0,0,0,0,0,0,0,0,0,0,0,0,0,0,0,0,0,0,0,0
16,5,21,296,296,97.06,N,2,0,2,3,48.0,48.0,231,36,25,3,28,148,0,0,0,0,0,0,0,0,0,0,0,0,0,0,0,0,0,0,0,0,0,0,0,0,0,0,0,0,0,0,0,0,0,0,0
16,5,22,226,226,95.8,N,2,1,5,2,47.2,47.2,228,21,16,50,114,35,0,0,0,0,0,0,0,0,0,0,0,0,0,0,0,0,0,0,0,0,0,0,0,0,0,0,0,0,0,0,0,0,0,0,0
16,5,23,222,222,99.16,N,3,0,3,2,48.2,48.2,236,112,15,28,13,73,0,0,0,0,0,0,0,0,0,0,0,0,0,0,0,0,0,0,0,0,0,0,0,0,0,0,0,0,0,0,0,0,0,0,0
16,5,24,162,162,97.9,N,2,1,6,2,48.0,48.0,233,24,26,67,41,82,0,0,0,0,0,0,0,0,0,0,0,0,0,0,0,0,0,0,0,0,0,0,0,0,0,0,0,0,0,0,0,0,0,0,0
16,5,25,207,207,98.74,N,2,0,5,3,48.6,48.6,235,17,58,12,52,104,0,0,0,0,0,0,0,0,0,0,0,0,0,0,0,0,0,0,0,0,0,0,0,0,0,0,0,0,0,0,0,0,0,0,0
16,10,1,130,130,98.32,N,1,1,3,8,24.1,24.1,234,16,43,9,11,15,16,29,16,21,65,0,0,0,0,0,0,0,0,0,0,0,0,0,0,0,0,0,0,0,0,0,0,0,0,0,0,0,0,0,0
16,10,2,106,106,98.32,N,0,4,12,6,25.0,25.0,234,54,18,36,21,40,8,23,13,12,25,0,0,0,0,0,0,0,0,0,0,0,0,0,0,0,0,0,0,0,0,0,0,0,0,0,0,0,0,0,0
16,10,3,80,80,99.58,N,2,0,4,8,24.2,24.2,237,20,41,40,12,19,8,11,35,31,25,0,0,0,0,0,0,0,0,0,0,0,0,0,0,0,0,0,0,0,0,0,0,0,0,0,0,0,0,0,0
16,10,4,72,72,97.48,N,0,2,14,8,25.2,25.2,232,18,30,12,26,36,17,14,33,29,37,0,0,0,0,0,0,0,0,0,0,0,0,0,0,0,0,0,0,0,0,0,0,0,0,0,0,0,0,0,0
16,10,5,112,112,97.48,N,2,0,9,8,24.7,24.7,232,12,18,34,22,9,43,26,10,16,57,0,0,0,0,0,0,0,0,0,0,0,0,0,0,0,0,0,0,0,0,0,0,0,0,0,0,0,0,0,0
16,10,6,115,115,99.58,N,1,2,15,7,25.3,25.3,237,19,46,9,14,9,11,19,30,38,58,0,0,0,0,0,0,0,0,0,0,0,0,0,0,0,0,0,0,0,0,0,0,0,0,0,0,0,0,0,0
16,10,7,90,90,95.8,N,2,1,10,7,24.0,24.0,228,15,8,36,13,37,46,25,9,16,35,0,0,0,0,0,0,0,0,0,0,0,0,0,0,0,0,0,0,0,0,0,0,0,0,0,0,0,0,0,0
16,10,8,84,84,99.16,N,2,1,4,7,24.2,24.2,236,28,10,12,43,20,6,19,28,43,33,0,0,0,0,0,0,0,0,0,0,0,0,0,0,0,0,0,0,0,0,0,0,0,0,0,0,0,0,0,0
16,10,9,72,72,92.86,N,1,1,3,8,22.6,22.6,221,22,13,8,15,17,26,37,24,31,33,0,0,0,0,0,0,0,0,0,0,0,0,0,0,0,0,0,0,0,0,0,0,0,0,0,0,0,0,0,0
16,10,10,115,115,97.06,N,4,2,11,4,24.9,24.9,231,11,4,8,10,42,28,20,57,21,48,0,0,0,0,0,0,0,0,0,0,0,0,0,0,0,0,0,0,0,0,0,0,0,0,0,0,0,0,0,0
16,10,11,100,100,97.9,N,1,1,3,8,24.1,24.1,233,12,5,11,47,14,30,25,19,51,27,0,0,0,0,0,0,0,0,0,0,0,0,0,0,0,0,0,0,0,0,0,0,0,0,0,0,0,0,0,0
16,10,12,60,60,100.0,Y,1,1,8,8,24.6,24.6,238,32,37,10,7,33,34,40,7,15,31,0,0,0,0,0,0,0,0,0,0,0,0,0,0,0,0,0,0,0,0,0,0,0,0,0,0,0,0,0,0
16,10,13,88,88,98.32,N,0,2,7,8,24.5,24.5,234,31,14,18,34,22,19,10,28,24,45,0,0,0,0,0,0,0,0,0,0,0,0,0,0,0,0,0,0,0,0,0,0,0,0,0,0,0,0,0,0
16,10,14,76,76,78.99,N,2,0,5,8,19.7,19.7,188,25,13,41,14,11,9,11,23,11,39,0,0,0,0,0,0,0,0,0,0,0,0,0,0,0,0,0,0,0,0,0,0,0,0,0,0,0,0,0,0
16,10,15,64,64,99.58,N,0,0,3,10,24.1,24.1,237,24,26,14,33,27,22,28,28,24,15,0,0,0,0,0,0,0,0,0,0,0,0,0,0,0,0,0,0,0,0,0,0,0,0,0,0,0,0,0,0
16,10,16,84,84,100.0,Y,1,2,12,7,25.0,25.0,238,22,21,25,26,35,23,7,10,30,51,0,0,0,0,0,0,0,0,0,0,0,0,0,0,0,0,0,0,0,0,0,0,0,0,0,0,0,0,0,0
16,10,17,98,98,98.74,N,1,2,7,7,24.4,24.4,235,9,7,10,33,11,22,33,34,50,35,0,0,0,0,0,0,0,0,0,0,0,0,0,0,0,0,0,0,0,0,0,0,0,0,0,0,0,0,0,0
16,10,18,86,86,100.0,Y,2,0,8,8,24.6,24.6,238,69,40,28,6,21,19,12,14,10,27,0,0,0,0,0,0,0,0,0,0,0,0,0,0,0,0,0,0,0,0,0,0,0,0,0,0,0,0,0,0
16,10,19,92,92,99.58,N,1,0,4,9,24.2,24.2,237,46,17,11,18,33,12,12,47,34,12,0,0,0,0,0,0,0,0,0,0,0,0,0,0,0,0,0,0,0,0,0,0,0,0,0,0,0,0,0,0
16,10,20,90,90,93.7,N,2,2,6,6,23.2,23.2,223,11,27,40,11,17,12,25,33,10,46,0,0,0,0,0,0,0,0,0,0,0,0,0,0,0,0,0,0,0,0,0,0,0,0,0,0,0,0,0,0
16,10,21,120,120,97.9,N,1,2,12,7,25.0,25.0,233,19,11,3,9,60,26,42,25,19,36,0,0,0,0,0,0,0,0,0,0,0,0,0,0,0,0,0,0,0,0,0,0,0,0,0,0,0,0,0,0
16,10,22,96,96,97.06,N,1,3,13,6,25.1,25.1,231,26,20,32,11,49,33,11,30,11,28,0,0,0,0,0,0,0,0,0,0,0,0,0,0,0,0,0,0,0,0,0,0,0,0,0,0,0,0,0,0
16,10,23,88,88,99.58,N,0,1,1,9,23.9,23.9,237,9,36,10,34,25,5,25,45,18,32,0,0,0,0,0,0,0,0,0,0,0,0,0,0,0,0,0,0,0,0,0,0,0,0,0,0,0,0,0,0
16,10,24,117,117,95.8,N,3,1,5,6,24.1,24.1,228,8,11,39,32,25,26,24,9,8,59,0,0,0,0,0,0,0,0,0,0,0,0,0,0,0,0,0,0,0,0,0,0,0,0,0,0,0,0,0,0
16,10,25,118,118,96.64,N,2,0,2,8,24.0,24.0,230,35,32,10,30,17,18,9,23,7,59,0,0,0,0,0,0,0,0,0,0,0,0,0,0,0,0,0,0,0,0,0,0,0,0,0,0,0,0,0,0
16,15,1,45,45,100.0,Y,0,0,7,15,16.33,16.33,238,17,19,6,22,12,6,31,14,28,35,17,6,8,16,8,0,0,0,0,0,0,0,0,0,0,0,0,0,0,0,0,0,0,0,0,0,0,0,0,0
16,15,2,76,76,98.32,N,0,3,7,12,16.33,16.33,234,37,11,10,8,35,6,11,11,9,8,39,12,10,13,25,0,0,0,0,0,0,0,0,0,0,0,0,0,0,0,0,0,0,0,0,0,0,0,0,0
16,15,3,56,56,98.74,N,1,0,1,14,15.93,15.93,235,18,26,27,12,3,7,12,24,29,15,3,27,5,6,25,0,0,0,0,0,0,0,0,0,0,0,0,0,0,0,0,0,0,0,0,0,0,0,0,0
16,15,4,58,58,100.0,Y,1,3,6,11,16.27,16.27,238,11,13,11,28,30,9,12,12,22,31,10,24,11,8,12,0,0,0,0,0,0,0,0,0,0,0,0,0,0,0,0,0,0,0,0,0,0,0,0,0
16,15,5,44,44,100.0,Y,0,1,8,14,16.4,16.4,238,12,14,25,14,9,33,23,9,16,18,9,11,24,18,11,0,0,0,0,0,0,0,0,0,0,0,0,0,0,0,0,0,0,0,0,0,0,0,0,0
16,15,6,60,60,99.58,N,0,1,4,14,16.13,16.13,237,14,22,8,13,9,10,31,21,21,8,14,31,8,10,22,0,0,0,0,0,0,0,0,0,0,0,0,0,0,0,0,0,0,0,0,0,0,0,0,0
16,15,7,88,88,98.74,N,1,2,4,12,16.07,16.07,235,10,8,16,6,10,20,15,6,11,15,45,15,28,22,14,0,0,0,0,0,0,0,0,0,0,0,0,0,0,0,0,0,0,0,0,0,0,0,0,0
16,15,8,53,53,100.0,Y,0,2,9,13,16.47,16.47,238,11,6,41,24,15,8,16,25,6,6,23,17,16,11,22,0,0,0,0,0,0,0,0,0,0,0,0,0,0,0,0,0,0,0,0,0,0,0,0,0
16,15,9,68,68,99.58,N,3,0,7,12,16.33,16.33,237,6,18,8,12,35,10,12,29,33,27,14,9,12,11,9,0,0,0,0,0,0,0,0,0,0,0,0,0,0,0,0,0,0,0,0,0,0,0,0,0
16,15,10,51,51,100.0,Y,1,0,3,14,16.07,16.07,238,22,4,21,4,39,7,29,33,7,9,31,7,15,9,4,0,0,0,0,0,0,0,0,0,0,0,0,0,0,0,0,0,0,0,0,0,0,0,0,0
16,15,11,86,86,97.06,N,2,3,20,10,16.93,16.93,231,5,5,15,21,6,29,23,10,31,30,10,4,11,10,44,0,0,0,0,0,0,0,0,0,0,0,0,0,0,0,0,0,0,0,0,0,0,0,0,0
16,15,12,115,115,99.58,N,4,1,9,10,16.47,16.47,237,10,6,6,5,8,12,19,7,14,58,12,5,24,28,33,0,0,0,0,0,0,0,0,0,0,0,0,0,0,0,0,0,0,0,0,0,0,0,0,0
16,15,13,50,50,100.0,Y,3,1,11,11,16.6,16.6,238,10,14,15,34,20,19,10,20,24,9,11,28,7,11,17,0,0,0,0,0,0,0,0,0,0,0,0,0,0,0,0,0,0,0,0,0,0,0,0,0
16,15,14,67,67,100.0,Y,1,0,4,14,16.13,16.13,238,23,13,44,17,7,10,8,30,10,9,7,6,24,29,5,0,0,0,0,0,0,0,0,0,0,0,0,0,0,0,0,0,0,0,0,0,0,0,0,0
16,15,15,50,50,100.0,Y,2,0,4,13,16.13,16.13,238,23,30,11,31,7,19,9,30,7,16,4,24,19,7,5,0,0,0,0,0,0,0,0,0,0,0,0,0,0,0,0,0,0,0,0,0,0,0,0,0
16,15,16,78,78,96.22,N,3,1,5,11,16.2,16.2,229,20,7,11,6,37,15,6,9,19,15,34,3,14,7,40,0,0,0,0,0,0,0,0,0,0,0,0,0,0,0,0,0,0,0,0,0,0,0,0,0
16,15,17,104,104,97.06,N,0,2,13,13,16.73,16.73,231,6,5,18,13,9,11,53,12,12,27,20,6,19,12,28,0,0,0,0,0,0,0,0,0,0,0,0,0,0,0,0,0,0,0,0,0,0,0,0,0
16,15,18,72,72,100.0,Y,1,0,8,14,16.4,16.4,238,58,11,15,6,21,19,6,9,17,29,5,10,5,26,9,0,0,0,0,0,0,0,0,0,0,0,0,0,0,0,0,0,0,0,0,0,0,0,0,0
16,15,19,53,53,100.0,Y,1,0,9,14,16.47,16.47,238,44,19,13,12,22,12,6,22,9,12,19,23,18,6,10,0,0,0,0,0,0,0,0,0,0,0,0,0,0,0,0,0,0,0,0,0,0,0,0,0
16,15,20,62,62,99.58,N,5,0,7,10,16.27,16.27,237,10,21,15,23,24,14,17,10,8,11,8,18,32,11,22,0,0,0,0,0,0,0,0,0,0,0,0,0,0,0,0,0,0,0,0,0,0,0,0,0
16,15,21,66,66,97.06,N,2,0,2,13,15.67,15.67,231,12,11,3,9,15,19,15,33,19,5,5,27,34,13,15,0,0,0,0,0,0,0,0,0,0,0,0,0,0,0,0,0,0,0,0,0,0,0,0,0
16,15,22,58,58,99.58,N,1,0,1,14,15.93,15.93,237,17,14,23,13,9,12,26,30,9,13,9,8,22,21,13,0,0,0,0,0,0,0,0,0,0,0,0,0,0,0,0,0,0,0,0,0,0,0,0,0
16,15,23,60,60,97.06,N,0,3,12,12,16.67,16.67,231,9,21,10,11,12,5,12,18,18,31,8,16,21,30,28,0,0,0,0,0,0,0,0,0,0,0,0,0,0,0,0,0,0,0,0,0,0,0,0,0
16,15,24,68,68,98.74,N,3,2,11,10,16.6,16.6,235,8,10,35,32,11,27,9,9,8,9,29,11,11,16,24,0,0,0,0,0,0,0,0,0,0,0,0,0,0,0,0,0,0,0,0,0,0,0,0,0
16,15,25,56,56,96.64,N,2,0,2,13,16.0,16.0,230,29,11,3,26,13,18,9,22,7,14,8,19,19,13,29,0,0,0,0,0,0,0,0,0,0,0,0,0,0,0,0,0,0,0,0,0,0,0,0,0
16,20,1,72,72,99.58,N,3,3,12,14,12.45,12.45,237,21,25,6,6,15,4,18,14,9,37,7,6,8,7,12,8,4,11,7,24,0,0,0,0,0,0,0,0,0,0,0,0,0,0,0,0,0,0,0,0
16,20,2,68,68,100.0,Y,1,0,7,19,12.25,12.25,238,35,9,10,8,34,4,5,13,6,6,35,9,7,12,8,7,11,5,13,8,0,0,0,0,0,0,0,0,0,0,0,0,0,0,0,0,0,0,0,0
16,20,3,50,50,90.76,N,2,1,7,17,11.45,11.45,216,5,11,4,25,3,10,8,18,15,18,3,4,4,8,11,5,26,26,8,17,0,0,0,0,0,0,0,0,0,0,0,0,0,0,0,0,0,0,0,0
16,20,4,52,52,100.0,Y,2,0,8,18,12.3,12.3,238,10,11,8,23,25,4,10,9,11,29,10,25,8,8,10,8,11,10,7,9,0,0,0,0,0,0,0,0,0,0,0,0,0,0,0,0,0,0,0,0
16,20,5,38,38,100.0,Y,2,0,6,18,12.2,12.2,238,8,14,21,12,8,8,12,11,16,21,9,12,20,10,10,8,15,8,14,7,0,0,0,0,0,0,0,0,0,0,0,0,0,0,0,0,0,0,0,0
16,20,6,46,46,100.0,Y,1,0,3,19,12.05,12.05,238,8,24,8,11,8,7,17,19,12,8,31,23,4,10,12,9,7,12,7,4,0,0,0,0,0,0,0,0,0,0,0,0,0,0,0,0,0,0,0,0
16,20,7,92,92,100.0,Y,2,0,8,18,12.3,12.3,238,9,8,9,6,8,11,14,4,14,22,50,10,13,5,14,13,4,16,7,9,0,0,0,0,0,0,0,0,0,0,0,0,0,0,0,0,0,0,0,0
16,20,8,44,44,100.0,Y,1,1,8,18,12.3,12.3,238,8,6,23,12,15,6,9,15,6,6,21,16,9,7,8,14,7,26,21,11,0,0,0,0,0,0,0,0,0,0,0,0,0,0,0,0,0,0,0,0
16,20,9,52,52,100.0,Y,1,0,9,19,12.35,12.35,238,6,27,8,11,13,9,12,14,27,17,9,9,10,8,7,10,18,9,13,10,0,0,0,0,0,0,0,0,0,0,0,0,0,0,0,0,0,0,0,0
16,20,10,40,40,100.0,Y,2,0,6,18,12.2,12.2,238,12,4,17,2,13,11,27,19,6,6,4,10,31,11,4,6,21,6,27,7,0,0,0,0,0,0,0,0,0,0,0,0,0,0,0,0,0,0,0,0
16,20,11,76,76,96.64,N,4,3,12,13,12.5,12.5,230,5,5,10,10,6,23,19,8,23,13,9,4,9,10,10,22,12,9,4,39,0,0,0,0,0,0,0,0,0,0,0,0,0,0,0,0,0,0,0,0
16,20,12,68,68,100.0,Y,2,0,8,18,12.3,12.3,238,14,6,6,5,9,9,29,7,11,40,16,5,30,9,4,9,12,6,10,9,0,0,0,0,0,0,0,0,0,0,0,0,0,0,0,0,0,0,0,0
16,20,13,47,47,100.0,Y,0,2,10,18,12.4,12.4,238,8,10,11,20,24,27,8,20,13,8,7,7,7,13,10,7,11,7,9,21,0,0,0,0,0,0,0,0,0,0,0,0,0,0,0,0,0,0,0,0
16,20,14,51,51,100.0,Y,0,1,7,19,12.25,12.25,238,9,9,23,8,7,5,16,9,10,9,10,6,21,31,5,6,6,6,34,15,0,0,0,0,0,0,0,0,0,0,0,0,0,0,0,0,0,0,0,0
16,20,15,52,52,99.16,N,3,0,3,17,12.05,12.05,236,27,21,11,24,7,26,3,10,7,9,7,10,6,9,5,6,19,11,17,6,0,0,0,0,0,0,0,0,0,0,0,0,0,0,0,0,0,0,0,0
16,20,16,97,97,96.64,N,1,2,8,17,12.3,12.3,230,7,6,11,6,7,20,5,8,14,15,18,3,19,6,5,21,9,8,9,49,0,0,0,0,0,0,0,0,0,0,0,0,0,0,0,0,0,0,0,0
16,20,17,96,96,96.64,N,3,1,7,16,12.25,12.25,230,6,5,10,8,9,11,26,9,9,3,8,6,19,6,20,11,8,13,9,49,0,0,0,0,0,0,0,0,0,0,0,0,0,0,0,0,0,0,0,0
16,20,18,106,106,97.9,N,2,1,3,17,12.05,12.05,233,35,6,14,4,10,6,6,53,11,5,5,5,6,14,4,9,11,8,3,26,0,0,0,0,0,0,0,0,0,0,0,0,0,0,0,0,0,0,0,0
16,20,19,52,52,99.16,N,2,0,8,18,12.2,12.2,236,27,11,12,11,14,13,6,11,8,15,15,18,9,7,10,13,11,8,16,9,0,0,0,0,0,0,0,0,0,0,0,0,0,0,0,0,0,0,0,0
16,20,20,50,50,96.64,N,2,1,4,17,12.1,12.1,230,10,15,15,18,21,10,17,9,7,10,8,10,26,11,7,9,11,5,3,20,0,0,0,0,0,0,0,0,0,0,0,0,0,0,0,0,0,0,0,0
16,20,21,39,39,100.0,Y,0,0,9,20,12.35,12.35,238,9,11,3,9,12,12,11,14,17,5,5,10,21,16,21,19,23,4,15,10,0,0,0,0,0,0,0,0,0,0,0,0,0,0,0,0,0,0,0,0
16,20,22,56,56,99.58,N,2,0,6,18,12.2,12.2,237,9,22,23,12,7,11,10,29,8,9,8,8,13,17,14,4,3,10,19,8,0,0,0,0,0,0,0,0,0,0,0,0,0,0,0,0,0,0,0,0
16,20,23,52,52,99.58,N,2,2,10,16,12.4,12.4,237,8,23,8,7,9,5,9,16,17,27,10,16,12,9,9,8,6,21,6,22,0,0,0,0,0,0,0,0,0,0,0,0,0,0,0,0,0,0,0,0
16,20,24,70,70,100.0,Y,4,1,9,15,12.35,12.35,238,7,9,11,11,11,10,9,10,8,5,13,22,11,10,14,12,8,8,17,41,0,0,0,0,0,0,0,0,0,0,0,0,0,0,0,0,0,0,0,0
16,20,25,56,56,98.32,N,3,2,7,15,12.25,12.25,234,29,10,3,11,13,12,9,19,5,8,10,23,19,23,12,7,7,2,8,15,0,0,0,0,0,0,0,0,0,0,0,0,0,0,0,0,0,0,0,0
16,25,1,60,60,100.0,Y,2,3,8,20,9.84,9.84,238,11,8,6,6,11,4,8,15,20,18,7,6,7,7,6,8,4,20,4,9,8,6,8,8,31,0,0,0,0,0,0,0,0,0,0,0,0,0,0,0
16,25,2,46,46,100.0,Y,2,0,4,23,9.68,9.68,238,35,8,7,8,27,4,4,10,5,3,26,9,7,7,8,5,11,3,15,7,2,3,6,17,5,0,0,0,0,0,0,0,0,0,0,0,0,0,0,0
16,25,3,58,58,98.74,N,2,3,14,20,10.08,10.08,235,5,12,4,9,3,5,8,12,17,23,3,4,4,8,7,5,11,12,8,7,3,13,22,17,30,0,0,0,0,0,0,0,0,0,0,0,0,0,0,0
16,25,4,48,48,98.32,N,1,0,3,24,9.64,9.64,234,7,6,7,11,25,4,5,8,16,20,5,16,7,8,8,8,10,9,7,8,7,6,6,9,18,0,0,0,0,0,0,0,0,0,0,0,0,0,0,0
16,25,5,30,30,99.16,N,3,0,4,22,9.68,9.68,236,4,14,11,4,9,8,12,9,10,14,9,16,15,10,10,9,2,8,9,7,13,10,13,9,7,0,0,0,0,0,0,0,0,0,0,0,0,0,0,0
16,25,6,44,44,100.0,Y,3,0,5,22,9.72,9.72,238,8,15,7,11,8,7,14,9,12,7,23,23,3,9,12,7,4,12,5,3,4,16,10,8,6,0,0,0,0,0,0,0,0,0,0,0,0,0,0,0
16,25,7,38,38,100.0,Y,1,0,3,24,9.64,9.64,238,9,8,14,3,9,12,9,4,12,25,22,8,11,5,10,6,4,12,19,5,12,10,4,4,4,0,0,0,0,0,0,0,0,0,0,0,0,0,0,0
16,25,8,36,36,100.0,Y,3,2,14,20,10.08,10.08,238,8,4,12,15,16,6,2,10,4,5,7,16,9,6,14,26,7,14,14,8,7,3,5,16,18,0,0,0,0,0,0,0,0,0,0,0,0,0,0,0
16,25,9,34,34,98.74,N,2,0,8,23,9.72,9.72,235,6,10,8,11,13,9,10,10,15,17,9,9,10,8,7,7,18,7,13,7,6,9,8,7,9,0,0,0,0,0,0,0,0,0,0,0,0,0,0,0
16,25,10,40,40,100.0,Y,0,0,0,25,9.52,9.52,238,12,4,15,5,12,11,22,19,4,5,4,6,9,20,7,5,4,6,6,7,3,9,11,31,1,0,0,0,0,0,0,0,0,0,0,0,0,0,0,0
16,25,11,39,39,100.0,Y,0,0,4,25,9.68,9.68,238,5,5,8,31,11,17,9,8,24,11,7,4,9,7,8,16,13,8,4,9,5,5,8,5,5,0,0,0,0,0,0,0,0,0,0,0,0,0,0,0
16,25,12,54,54,98.74,N,3,0,4,22,9.68,9.68,235,5,9,6,5,5,6,18,7,9,16,17,6,28,5,4,7,22,6,11,11,2,12,7,10,8,0,0,0,0,0,0,0,0,0,0,0,0,0,0,0
16,25,13,47,47,100.0,Y,3,0,5,22,9.72,9.72,238,8,8,10,19,18,26,6,12,17,7,7,5,5,14,4,7,7,4,9,13,12,8,5,6,6,0,0,0,0,0,0,0,0,0,0,0,0,0,0,0
16,25,14,36,36,100.0,Y,2,0,4,23,9.68,9.68,238,12,9,17,8,6,5,6,9,6,9,10,7,10,17,3,6,11,6,27,19,8,8,14,4,5,0,0,0,0,0,0,0,0,0,0,0,0,0,0,0
16,25,15,44,44,98.74,N,3,0,5,22,9.72,9.72,235,14,17,11,23,7,23,3,8,7,9,7,10,6,6,4,6,9,10,14,6,11,8,9,6,9,0,0,0,0,0,0,0,0,0,0,0,0,0,0,0
16,25,16,56,56,99.16,N,4,0,5,21,9.72,9.72,236,5,6,4,6,10,18,5,10,29,10,17,3,9,6,8,19,4,8,9,25,8,9,3,4,8,0,0,0,0,0,0,0,0,0,0,0,0,0,0,0
16,25,17,38,38,100.0,Y,1,0,4,24,9.68,9.68,238,6,5,12,8,7,11,21,7,7,11,8,6,19,6,20,15,6,12,6,10,5,6,4,19,5,0,0,0,0,0,0,0,0,0,0,0,0,0,0,0
16,25,18,64,64,100.0,Y,2,2,6,21,9.76,9.76,238,29,6,3,4,5,6,6,42,14,5,5,5,6,11,4,9,10,5,3,17,11,9,13,5,11,0,0,0,0,0,0,0,0,0,0,0,0,0,0,0
16,25,19,30,30,100.0,Y,2,0,3,23,9.64,9.64,238,18,8,11,10,14,10,6,11,7,8,15,18,5,6,8,9,12,6,16,8,7,5,10,9,4,0,0,0,0,0,0,0,0,0,0,0,0,0,0,0
16,25,20,36,36,100.0,Y,2,0,5,23,9.72,9.72,238,8,17,10,4,23,8,4,9,10,8,6,9,11,9,7,9,10,8,3,20,17,10,7,10,6,0,0,0,0,0,0,0,0,0,0,0,0,0,0,0
16,25,21,40,40,100.0,Y,2,0,5,23,9.72,9.72,238,7,11,3,9,10,13,11,16,10,4,5,8,12,22,24,9,9,4,9,8,7,13,5,8,6,0,0,0,0,0,0,0,0,0,0,0,0,0,0,0
16,25,22,54,54,98.74,N,1,0,6,24,9.64,9.64,235,9,14,11,13,7,9,10,13,7,7,5,8,12,11,14,4,3,6,28,8,14,5,9,7,7,0,0,0,0,0,0,0,0,0,0,0,0,0,0,0
16,25,23,52,52,99.58,N,2,0,4,23,9.68,9.68,237,8,10,8,6,8,5,9,16,12,27,9,16,14,9,8,8,3,14,6,8,6,7,13,6,6,0,0,0,0,0,0,0,0,0,0,0,0,0,0,0
16,25,24,38,38,99.58,N,2,0,7,23,9.76,9.76,237,5,4,16,11,4,9,9,8,7,5,11,19,9,9,7,11,8,5,17,20,9,19,5,9,8,0,0,0,0,0,0,0,0,0,0,0,0,0,0,0
16,25,25,68,68,100.0,Y,1,1,12,23,10.0,10.0,238,8,9,3,11,8,12,9,7,5,11,8,8,38,18,13,4,2,2,7,11,6,6,20,6,18,0,0,0,0,0,0,0,0,0,0,0,0,0,0,0
16,30,1,54,54,99.16,N,2,0,3,28,8.03,8.03,236,5,8,6,5,28,5,6,15,17,8,6,5,7,5,17,7,4,12,4,5,8,5,6,7,14,4,3,5,8,6,0,0,0,0,0,0,0,0,0,0
16,30,2,44,44,99.16,N,0,1,6,29,8.13,8.13,236,23,7,6,10,18,3,4,10,2,2,23,9,7,7,5,7,11,3,14,4,1,3,6,9,5,6,7,3,6,23,0,0,0,0,0,0,0,0,0,0
16,30,3,30,30,100.0,Y,1,0,1,29,7.97,7.97,238,5,12,4,7,3,7,5,12,11,12,3,3,3,8,7,4,7,20,8,7,3,9,10,18,17,4,4,3,21,2,0,0,0,0,0,0,0,0,0,0
16,30,4,36,36,100.0,Y,1,0,3,29,8.03,8.03,238,7,6,7,7,8,4,5,6,15,18,5,12,7,9,8,7,10,5,7,8,7,6,6,9,19,9,8,6,6,4,0,0,0,0,0,0,0,0,0,0
16,30,5,21,21,100.0,Y,0,0,1,30,7.97,7.97,238,5,11,11,4,7,5,12,7,10,14,6,16,9,10,7,8,2,7,9,6,10,10,13,9,6,5,7,6,5,2,0,0,0,0,0,0,0,0,0,0
16,30,6,30,30,100.0,Y,1,0,9,29,8.23,8.23,238,10,21,5,11,6,6,17,9,8,5,18,10,3,9,9,6,4,11,6,3,4,11,9,5,6,4,4,12,5,10,0,0,0,0,0,0,0,0,0,0
16,30,7,38,38,99.58,N,4,0,9,26,8.2,8.2,237,9,8,9,4,8,10,9,4,13,7,14,8,8,5,10,6,4,14,5,5,9,10,4,4,4,7,13,5,20,10,0,0,0,0,0,0,0,0,0,0
16,30,8,26,26,100.0,Y,2,1,3,27,8.03,8.03,238,7,4,10,13,9,6,2,6,4,5,6,6,8,7,14,15,6,14,14,5,5,7,5,14,9,5,5,11,8,11,0,0,0,0,0,0,0,0,0,0
16,30,9,24,24,100.0,Y,1,0,7,29,8.17,8.17,238,6,10,8,11,8,9,4,10,10,9,9,9,8,8,7,7,18,3,9,8,6,8,6,7,7,5,6,13,8,8,0,0,0,0,0,0,0,0,0,0
16,30,10,30,30,100.0,Y,4,0,7,26,8.17,8.17,238,9,4,11,3,11,12,13,14,4,5,4,6,16,8,7,5,4,9,6,7,3,10,11,15,1,20,7,10,2,8,0,0,0,0,0,0,0,0,0,0
16,30,11,36,36,100.0,Y,2,0,2,28,8.0,8.0,238,3,5,8,23,7,12,9,8,15,8,5,4,9,8,8,7,9,8,3,9,5,7,8,5,5,13,20,5,1,3,0,0,0,0,0,0,0,0,0,0
16,30,12,54,54,100.0,Y,2,0,9,28,8.23,8.23,238,5,6,6,4,6,5,9,8,10,11,12,5,28,6,4,6,10,6,9,7,2,13,6,10,7,4,15,11,6,10,0,0,0,0,0,0,0,0,0,0
16,30,13,46,46,98.74,N,3,2,8,25,8.2,8.2,235,6,7,8,14,21,10,6,12,4,7,6,5,6,14,4,5,6,4,6,13,7,7,5,6,5,11,6,5,6,24,0,0,0,0,0,0,0,0,0,0
16,30,14,36,36,100.0,Y,1,0,2,29,8.0,8.0,238,15,7,17,4,6,5,6,9,6,8,6,4,7,17,3,4,16,6,27,15,8,8,9,4,4,4,4,1,7,3,0,0,0,0,0,0,0,0,0,0
16,30,15,36,36,99.58,N,2,0,3,28,8.03,8.03,237,12,17,10,12,9,19,3,7,7,8,3,5,6,6,4,6,9,10,11,6,19,3,15,6,2,5,7,6,3,5,0,0,0,0,0,0,0,0,0,0
16,30,16,64,64,99.16,N,2,2,15,26,8.43,8.43,236,4,6,6,6,6,14,5,8,14,12,12,3,10,6,6,9,4,8,7,24,7,7,3,4,7,11,8,2,1,33,0,0,0,0,0,0,0,0,0,0
16,30,17,46,46,100.0,Y,1,0,9,29,8.23,8.23,238,5,5,8,11,7,9,17,7,6,11,4,6,24,4,7,15,6,11,6,8,4,6,4,21,4,3,6,2,10,10,0,0,0,0,0,0,0,0,0,0
16,30,18,54,54,100.0,Y,3,0,6,27,8.13,8.13,238,37,6,2,5,4,8,6,17,14,5,5,5,6,13,4,5,8,5,3,9,12,7,6,5,8,3,11,9,9,7,0,0,0,0,0,0,0,0,0,0
16,30,19,30,30,100.0,Y,2,0,4,28,8.07,8.07,238,18,8,7,10,19,10,4,10,3,8,15,16,4,6,4,8,12,6,9,8,4,5,8,6,4,5,10,4,6,5,0,0,0,0,0,0,0,0,0,0
16,30,20,38,38,99.58,N,2,0,9,28,8.23,8.23,237,8,11,10,4,16,8,4,7,10,8,4,9,11,9,6,7,3,5,3,4,25,10,7,9,6,10,6,4,3,20,0,0,0,0,0,0,0,0,0,0
16,30,21,46,46,99.58,N,4,2,14,24,8.4,8.4,237,6,8,3,7,10,19,11,11,10,4,5,5,10,12,24,8,9,4,9,4,7,12,3,6,5,5,10,6,1,18,0,0,0,0,0,0,0,0,0,0
16,30,22,30,30,100.0,Y,2,0,6,28,8.13,8.13,238,9,12,11,6,7,5,9,15,7,7,5,7,7,7,6,4,3,6,12,8,26,5,8,7,7,10,9,6,6,7,0,0,0,0,0,0,0,0,0,0
16,30,23,38,38,100.0,Y,3,0,6,27,8.13,8.13,238,6,13,8,5,8,6,11,14,5,12,5,10,14,9,8,9,4,8,5,4,6,8,8,6,3,26,4,4,8,7,0,0,0,0,0,0,0,0,0,0
16,30,24,32,32,100.0,Y,3,0,4,27,8.07,8.07,238,5,4,16,10,4,9,6,7,7,5,9,17,6,13,7,8,6,8,12,20,7,15,5,3,4,6,5,6,7,5,0,0,0,0,0,0,0,0,0,0
16,30,25,32,32,100.0,Y,3,0,6,27,8.13,8.13,238,15,11,3,8,18,11,8,7,7,11,6,6,7,14,12,4,2,2,6,7,5,5,17,6,14,8,7,5,5,7,0,0,0,0,0,0,0,0,0,0
16,35,1,40,40,97.9,N,2,4,12,29,7.0,7.0,233,15,7,4,5,6,5,4,15,15,17,6,5,7,5,5,6,4,7,4,5,6,6,3,7,10,4,3,4,9,8,4,1,7,5,21,0,0,0,0,0
16,35,2,32,32,100.0,Y,2,0,7,33,7.0,7.0,238,14,7,6,10,12,3,4,8,2,2,6,9,7,7,6,7,7,3,14,4,1,3,6,4,5,6,7,3,4,23,8,14,8,7,8,0,0,0,0,0
16,35,3,28,28,100.0,Y,1,0,7,34,7.0,7.0,238,5,15,4,7,3,5,5,12,10,12,3,5,3,5,7,4,7,4,9,4,3,4,10,5,16,4,4,3,16,2,12,17,7,5,8,0,0,0,0,0
16,35,4,36,36,100.0,Y,0,0,3,35,6.89,6.89,238,7,9,5,7,8,4,5,10,15,5,1,12,7,8,8,4,8,5,7,8,7,6,4,5,19,5,8,6,4,7,5,11,3,4,4,0,0,0,0,0
16,35,5,22,22,100.0,Y,2,0,3,33,6.89,6.89,238,5,10,8,3,7,4,4,6,6,10,6,8,7,10,7,8,2,6,14,6,10,10,9,9,5,4,7,6,5,2,5,8,10,10,4,0,0,0,0,0
16,35,6,26,26,100.0,Y,2,0,3,33,6.89,6.89,238,7,18,3,8,5,4,15,10,12,5,14,7,3,9,10,5,5,9,6,4,4,8,9,5,5,4,3,10,3,5,6,3,9,4,4,0,0,0,0,0
16,35,7,26,26,100.0,Y,2,0,3,33,6.89,6.89,238,9,8,6,4,8,10,9,4,11,6,13,8,5,5,10,6,4,7,4,4,11,10,3,4,4,5,11,3,18,7,4,10,5,1,4,0,0,0,0,0
16,35,8,26,26,98.74,N,1,1,2,33,6.86,6.86,235,7,4,8,11,7,6,2,6,3,5,5,7,8,7,14,14,6,4,14,5,5,5,4,14,5,5,7,9,3,8,6,5,4,3,14,0,0,0,0,0
16,35,9,22,22,100.0,Y,1,0,4,34,6.91,6.91,238,6,12,5,10,8,9,4,10,8,8,7,8,3,7,7,7,16,3,9,3,6,7,6,7,6,5,4,6,8,8,5,7,5,7,5,0,0,0,0,0
16,35,10,28,28,100.0,Y,2,0,3,33,6.89,6.89,238,11,4,11,3,13,3,12,11,4,4,5,6,13,6,4,4,4,11,6,6,3,10,7,13,1,17,7,5,2,7,3,7,6,8,4,0,0,0,0,0
16,35,11,28,28,98.74,N,2,0,3,33,6.89,6.89,235,4,5,7,15,5,10,6,8,12,7,4,4,8,6,6,7,7,8,3,10,5,5,8,5,7,8,15,5,1,3,11,7,4,8,7,0,0,0,0,0
16,35,12,54,54,100.0,Y,3,0,8,32,7.03,7.03,238,5,6,6,4,6,5,6,8,6,11,7,5,28,6,3,6,8,6,9,4,2,10,6,6,7,5,10,12,6,9,4,3,8,4,9,0,0,0,0,0
16,35,13,32,32,97.9,N,4,0,5,31,6.86,6.86,233,6,7,7,10,13,9,6,11,17,7,6,5,6,4,4,5,6,5,6,7,7,7,5,6,5,7,6,5,4,12,10,2,6,3,8,0,0,0,0,0
16,35,14,40,40,98.74,N,1,2,5,32,6.94,6.94,235,15,7,12,4,4,5,6,6,6,8,8,5,7,17,3,4,13,5,21,9,7,5,9,5,3,4,3,1,4,3,9,1,8,2,14,0,0,0,0,0
16,35,15,26,26,100.0,Y,2,0,5,33,6.94,6.94,238,11,17,7,15,9,19,3,5,7,8,3,5,6,4,4,5,9,10,11,6,5,6,14,5,2,5,6,5,3,5,5,7,1,4,6,0,0,0,0,0
16,35,16,32,32,100.0,Y,1,0,4,34,6.91,6.91,238,4,4,6,4,9,14,5,8,14,10,13,3,8,6,6,9,4,4,7,16,7,6,3,4,7,11,8,2,1,9,5,17,2,1,5,0,0,0,0,0
16,35,17,42,42,97.06,N,2,1,7,32,6.91,6.91,231,5,5,6,7,7,9,8,8,6,5,4,6,22,4,5,5,6,11,6,6,4,6,4,12,4,3,4,2,10,9,6,12,7,2,16,0,0,0,0,0
16,35,18,38,38,100.0,Y,3,0,4,32,6.91,6.91,238,25,6,2,5,4,6,6,20,4,5,5,5,6,13,4,3,6,5,3,5,6,7,4,12,6,3,9,9,5,7,13,5,8,5,5,0,0,0,0,0
16,35,19,26,26,100.0,Y,2,0,9,33,7.06,7.06,238,13,4,5,10,11,11,7,11,2,5,17,12,4,6,4,5,10,6,8,8,4,4,7,9,4,5,11,4,6,5,6,4,4,5,10,0,0,0,0,0
16,35,20,36,36,96.64,N,1,1,9,33,7.06,7.06,230,8,9,9,5,14,8,3,7,6,7,4,9,8,9,6,7,3,5,3,3,11,9,8,3,6,10,6,4,3,11,3,8,7,6,19,0,0,0,0,0
16,35,21,24,24,100.0,Y,0,0,4,35,6.91,6.91,238,6,5,3,7,10,13,6,9,9,4,5,5,6,8,19,8,7,4,12,4,8,9,3,6,5,4,6,6,1,9,8,9,6,7,5,0,0,0,0,0
16,35,22,20,20,100.0,Y,0,0,3,35,6.89,6.89,238,9,6,14,6,7,5,7,6,7,7,5,8,7,7,6,4,3,6,12,7,7,5,9,8,6,4,7,6,6,7,6,11,7,9,4,0,0,0,0,0
16,35,23,28,28,100.0,Y,1,0,3,34,6.89,6.89,238,6,13,8,4,8,4,9,13,5,5,5,10,14,9,8,8,3,6,5,3,6,7,8,6,3,6,4,4,7,7,15,8,7,3,4,0,0,0,0,0
16,35,24,32,32,100.0,Y,1,0,3,34,6.89,6.89,238,5,4,16,13,4,7,6,7,7,4,7,13,6,11,7,7,4,4,9,20,5,7,5,3,4,6,5,6,8,4,7,4,5,7,4,0,0,0,0,0
16,35,25,32,32,100.0,Y,3,0,3,32,6.89,6.89,238,12,9,3,8,16,9,6,7,5,10,6,6,7,14,10,3,2,2,5,5,5,4,17,3,8,16,7,5,4,8,5,2,3,5,4,0,0,0,0,0
16,40,1,36,36,99.16,N,2,1,9,37,6.17,6.17,236,13,5,2,5,6,5,3,14,17,17,6,4,6,5,5,4,4,6,4,5,6,5,3,7,8,4,3,4,7,8,3,1,6,4,11,3,3,3,3,19
16,40,2,32,32,100.0,Y,2,0,4,38,6.05,6.05,238,8,7,6,10,13,3,4,7,2,2,6,9,7,7,5,7,7,3,8,4,1,3,6,2,5,5,7,3,4,23,3,14,5,5,8,3,5,3,7,5
16,40,3,24,24,100.0,Y,2,0,7,38,6.12,6.12,238,5,11,4,7,3,5,5,7,10,12,3,3,3,5,6,4,7,4,9,4,3,3,9,4,16,4,4,3,11,2,7,13,6,4,8,5,6,3,9,8
16,40,4,28,28,100.0,Y,1,0,5,39,6.08,6.08,238,4,7,5,7,7,4,5,10,9,5,1,14,4,8,7,4,8,5,7,7,7,6,4,5,15,5,5,6,4,4,5,5,3,4,4,7,6,6,8,6
16,40,5,34,34,99.58,N,1,0,3,39,6.03,6.03,237,5,9,4,3,7,3,4,6,6,10,5,8,7,10,7,6,2,6,7,6,10,7,9,4,5,4,8,6,5,2,5,4,18,6,3,3,6,3,7,5
16,40,6,22,22,100.0,Y,1,0,6,39,6.1,6.1,238,7,8,3,8,4,4,7,9,15,5,4,6,3,3,10,4,3,9,7,4,4,9,9,5,5,4,3,10,3,5,6,3,7,4,4,10,3,9,11,7
16,40,7,30,30,97.9,N,2,0,3,38,6.03,6.03,233,8,2,6,2,7,10,6,3,10,6,16,6,5,5,10,6,4,8,4,4,7,10,3,4,4,4,8,3,10,9,4,10,4,1,4,3,4,4,8,9
16,40,8,26,26,100.0,Y,3,0,5,37,6.08,6.08,238,7,4,7,10,7,6,2,6,3,5,5,5,7,2,8,13,6,3,10,5,5,5,4,12,5,3,7,8,3,7,6,5,4,3,14,4,6,12,3,6
16,40,9,18,18,100.0,Y,1,0,4,39,6.05,6.05,238,6,12,5,10,7,6,4,9,8,6,8,7,4,7,6,6,15,3,7,3,4,7,6,5,6,5,4,3,7,7,5,7,4,5,5,6,6,4,2,5
16,40,10,30,30,99.16,N,2,2,6,36,6.1,6.1,236,10,4,11,3,10,2,4,7,4,4,4,6,4,6,4,4,4,9,4,4,3,11,7,13,1,11,6,5,2,5,3,7,6,7,4,5,7,12,5,16
16,40,11,21,21,100.0,Y,1,0,4,39,6.05,6.05,238,4,5,7,6,5,10,5,8,16,7,4,4,8,6,4,5,4,8,3,9,5,5,8,5,5,5,11,5,1,3,3,7,4,8,7,4,7,10,6,5
16,40,12,44,44,99.58,N,5,0,6,35,6.08,6.08,237,4,6,6,4,5,5,4,5,5,8,12,5,23,6,3,6,7,6,10,4,3,9,6,7,8,4,7,1,4,7,3,4,8,4,6,2,2,5,12,7
16,40,13,20,20,100.0,Y,1,0,4,39,6.05,6.05,238,5,6,7,4,13,7,5,13,14,7,6,5,8,4,4,7,6,4,5,3,6,7,5,6,5,4,5,5,4,10,8,2,4,3,4,7,6,10,3,5
16,40,14,20,20,100.0,Y,1,2,5,37,6.08,6.08,238,5,7,11,4,4,5,6,5,6,5,7,5,7,12,3,4,12,5,10,11,7,5,7,5,3,2,3,1,4,2,14,1,8,2,8,3,7,6,10,11
16,40,15,24,24,100.0,Y,2,0,3,38,6.03,6.03,238,11,13,5,15,9,7,3,5,6,7,3,5,5,4,4,5,3,6,10,6,5,5,13,5,2,4,6,5,3,5,5,4,1,4,4,4,13,9,8,4
16,40,16,32,32,100.0,Y,1,0,2,39,6.0,6.0,238,4,4,6,4,5,6,2,8,12,10,13,3,20,5,6,7,4,4,4,9,7,6,3,4,7,11,8,2,1,3,5,6,2,1,5,5,4,15,6,3
16,40,17,26,26,100.0,Y,1,0,3,39,6.03,6.03,238,5,5,2,11,5,6,8,3,7,5,4,6,22,4,4,5,4,11,7,6,4,6,3,7,4,3,4,2,9,4,6,12,7,2,12,5,6,8,3,4
16,40,18,36,36,100.0,Y,1,0,2,39,6.0,6.0,238,23,6,2,5,5,5,6,20,4,3,5,5,4,13,4,3,5,8,3,8,6,5,3,3,5,3,7,9,5,6,13,5,6,4,5,2,4,2,7,3
16,40,19,22,22,100.0,Y,2,0,6,38,6.1,6.1,238,13,4,5,11,12,8,8,7,2,3,6,9,4,6,4,5,10,6,6,6,4,4,7,9,4,5,3,4,6,5,4,3,4,5,10,3,7,9,6,7
16,40,20,27,27,100.0,Y,0,0,5,40,6.08,6.08,238,4,4,15,5,5,8,3,7,6,7,4,9,2,9,6,7,3,5,3,2,10,9,12,3,6,10,5,2,2,17,3,7,7,6,5,5,4,3,7,6
16,40,21,26,26,100.0,Y,2,0,6,38,6.1,6.1,238,6,5,3,4,13,7,5,7,14,4,5,5,6,7,7,8,7,4,7,4,6,6,3,6,5,4,6,6,1,8,4,6,6,7,5,4,7,14,5,7
16,40,22,24,24,100.0,Y,2,0,4,38,6.05,6.05,238,14,6,9,5,7,4,7,6,7,7,5,7,6,7,5,4,3,7,4,6,7,5,4,6,6,2,7,6,5,6,6,11,7,11,4,5,5,2,6,5
16,40,23,24,24,100.0,Y,2,0,4,38,6.05,6.05,238,6,12,9,4,8,4,7,7,5,3,3,12,13,9,6,7,3,7,5,3,6,7,8,6,3,4,2,4,7,7,13,4,8,3,4,4,4,6,4,5
16,40,24,26,26,100.0,Y,1,0,2,39,6.0,6.0,238,5,4,10,14,3,6,6,4,7,4,7,13,5,11,7,6,4,4,9,4,4,7,5,3,4,6,5,5,4,4,5,4,5,7,4,4,21,4,3,3
16,40,25,23,23,100.0,Y,0,0,9,40,6.17,6.17,238,4,9,3,8,15,9,6,7,5,10,6,6,7,9,8,3,2,2,5,5,4,3,9,4,3,6,3,5,4,6,3,2,3,5,4,6,17,8,13,10
